<?xml version="1.0" encoding="UTF-8"?>
<beans:beans
	xsi:schemaLocation="http://www.springframework.org/schema/mvc http://www.springframework.org/schema/mvc/spring-mvc.xsd http://www.springframework.org/schema/beans http://www.springframework.org/schema/beans/spring-beans.xsd http://www.springframework.org/schema/context http://www.springframework.org/schema/context/spring-context.xsd http://www.springframework.org/schema/tx http://www.springframework.org/schema/tx/spring-tx-4.0.xsd"
	xmlns:tx="http://www.springframework.org/schema/tx" xmlns:context="http://www.springframework.org/schema/context"
	xmlns:beans="http://www.springframework.org/schema/beans" xmlns:xsi="http://www.w3.org/2001/XMLSchema-instance"
	xmlns="http://www.springframework.org/schema/mvc">

	<!-- DispatcherServlet Context: defines this servlet's request-processinginfrastructure -->


	<!-- Enables the Spring MVC @Controller programming model -->


	<annotation-driven />

	<!-- Handles HTTP GET requests for /resources/** by efficiently servingup 
		static resources in the ${webappRoot}/resources directory -->
	<resources location="/resources/" mapping="/resources/**" />

	<!-- Resolves views selected for rendering by @Controllers to .jsp resourcesin 
		the /WEB-INF/views directory -->
	<beans:bean
		class="org.springframework.web.servlet.view.InternalResourceViewResolver">

		<beans:property value="/WEB-INF/views/" name="prefix" />

		<beans:property value=".jsp" name="suffix" />

	</beans:bean>
	<beans:bean class="org.springframework.jdbc.datasource.DriverManagerDataSource" id="dataSource">
		<beans:property value="com.mysql.jdbc.Driver" name="driverClassName" />
		<beans:property
			value="jdbc:mysql://localhost:3306/studentdb?characterEncoding=latin1"
			name="url" />
		<beans:property value="root" name="username" />
		<beans:property value="root" name="password" />
	</beans:bean>

	<!-- Hibernate 4 SessionFactory Bean definition -->
	<beans:bean
		class="org.springframework.orm.hibernate4.LocalSessionFactoryBean" id="hibernate4AnnotatedSessionFactory">
		<beans:property name="dataSource" ref="dataSource" />
		<beans:property name="annotatedClasses">
			<beans:list>
				<beans:value>com.pack.student.model.Student</beans:value>
				<beans:value>com.pack.student.model.College</beans:value>
				<beans:value>com.pack.student.model.Academy</beans:value>
				<beans:value>com.pack.student.model.Course</beans:value>
			</beans:list>
		</beans:property>
		<beans:property name="hibernateProperties">
			<beans:props>

				<beans:prop key="hibernate.dialect">org.hibernate.dialect.MySQLDialect
				</beans:prop>

				<beans:prop key="hibernate.show_sql">true</beans:prop>

				<beans:prop key="hibernate.hbm2ddl.auto">update</beans:prop>

			</beans:props>

		</beans:property>

	</beans:bean>
	<!-- <beans:bean id="studentDao" class="com.pack.student.dao.StudentDao">

		<beans:property name="sessionFactory"
			ref="hibernate4AnnotatedSessionFactory" />

	</beans:bean>
 -->
	<!-- <beans:bean class="com.pack.student.service.StudentService"
		id="studentService">
	</beans:bean> -->

	<context:component-scan base-package="com.pack.student" />

	<tx:annotation-driven transaction-manager="transactionManager" />
	<beans:bean
		class="org.springframework.orm.hibernate4.HibernateTransactionManager"
		id="transactionManager">

		<beans:property name="sessionFactory"
			ref="hibernate4AnnotatedSessionFactory" ></beans:property>
	</beans:bean>
	<context:component-scan base-package="com.pack.student" />
</beans:beans>